repeat,pollutant,model,rmse,mae,pcc,ktc
0,PM25,RF,2.05079021327663,1.20514034614005,0.985316721399388,0.923366725403242
0,PM25,SVR,3.51845564799617,2.45763612254037,0.956911927738612,0.83804888713201
0,PM25,ANN,6.33071092519768,4.32915198200475,0.88105614595121,0.732628763679063
1,PM25,RF,2.06398781887728,1.21396525370335,0.985073890261616,0.922665482896903
1,PM25,SVR,3.51845564799617,2.45763612254037,0.956911927738612,0.83804888713201
1,PM25,ANN,6.33659372879813,4.88069696278626,0.878382352386597,0.718815040328387
2,PM25,RF,2.03035220771844,1.19468210970072,0.985551004759522,0.92418861178164
2,PM25,SVR,3.51845564799617,2.45763612254037,0.956911927738612,0.83804888713201
2,PM25,ANN,8.07722502469227,6.1364931817275,0.833467980202824,0.676159891313773
3,PM25,RF,1.99652661139763,1.18944031711804,0.98603496268169,0.923608013147359
3,PM25,SVR,3.51845564799617,2.45763612254037,0.956911927738612,0.83804888713201
3,PM25,ANN,5.95166586539421,4.60983188535413,0.902025160119234,0.74307199885411
4,PM25,RF,2.03787525946562,1.19149762232745,0.985434103075137,0.924037806941567
4,PM25,SVR,3.51845564799617,2.45763612254037,0.956911927738612,0.83804888713201
4,PM25,ANN,8.01654348613192,5.6730024273667,0.865782079953838,0.699489400073048
0,PM25,RNN,15.6556401466149,13.1675641360578,0.626831370713892,0.435379464854598
0,PM25,LSTM,7.88462522290869,6.6598444275777,0.868396093756091,0.704136913997371
0,PM25,GRU,13.6777563974959,10.766716018787,0.743440545039495,0.564383040443129
1,PM25,RNN,13.2441738552228,10.9284428852544,0.663468346284648,0.488560747931081
1,PM25,LSTM,8.46597404204721,7.12234273864414,0.890359248140352,0.721471199260328
1,PM25,GRU,11.9581440656844,8.85000526654638,0.777266387916547,0.59295420010023
2,PM25,RNN,7.86071832309401,6.04037447146033,0.768302550132177,0.582538423429068
2,PM25,LSTM,7.48377148391068,6.15417879549682,0.894697686959503,0.72692997856682
2,PM25,GRU,11.6027448902381,8.6743130716795,0.729100139681244,0.546531767724961
3,PM25,RNN,8.95379784859079,7.25346705335039,0.747329971043223,0.5513975320093
3,PM25,LSTM,13.6424233040592,11.7254898669734,0.809938735714855,0.626900508740187
3,PM25,GRU,10.4597584918128,8.08169993738802,0.725465616500492,0.543163746509395
4,PM25,RNN,18.0993315379376,14.3581793621992,0.539366799624736,0.362294164752491
4,PM25,LSTM,10.4258527708324,9.15442205880294,0.858659635028952,0.691082980753293
4,PM25,GRU,13.1879306834601,9.55243110846662,0.694015699597234,0.533036874592615
