repeat,pollutant,model,rmse,mae,pcc,ktc
0,PM25,RF,4.5355002848544945,3.344329877811299,0.9408394663540738,0.8298712855408247
0,PM25,SVR,5.018999339911694,3.8669785240942978,0.9236490547933128,0.7561604154830648
0,PM25,ANN,7.454646575865217,5.777027047292848,0.8053774851946116,0.6118303844952874
1,PM25,RF,4.445869668655314,3.2867177069187345,0.9424921930133634,0.8310853469300112
1,PM25,SVR,5.018999339911694,3.8669785240942978,0.9236490547933128,0.7561604154830648
1,PM25,ANN,8.340635012155962,6.858234496136092,0.7325576414943374,0.5042464476038234
2,PM25,RF,4.576659137824903,3.424098297204277,0.9426586983477091,0.8297053889534823
2,PM25,SVR,5.018999339911694,3.8669785240942978,0.9236490547933128,0.7561604154830648
2,PM25,ANN,16.83204713482366,14.305762609877688,0.8102690678031127,0.6135270541385607
3,PM25,RF,4.501057812222555,3.3556663388021493,0.9430064677880383,0.8314774661364566
3,PM25,SVR,5.018999339911694,3.8669785240942978,0.9236490547933128,0.7561604154830648
3,PM25,ANN,7.314219066743805,5.539173624052186,0.7868924467388926,0.6213241937436474
4,PM25,RF,4.525464411021442,3.326272920983114,0.9405554101150061,0.8278352819688967
4,PM25,SVR,5.018999339911694,3.8669785240942978,0.9236490547933128,0.7561604154830648
4,PM25,ANN,15.330802686874364,11.440400378330766,0.6555747137865376,0.46878982243639766
